COD_DANE,COD_DEPARTAMENTO,DEPARTAMENTO,COD_MUNICIPIO,MUNICIPIO,FECHA1erFIS
91001,91,AMAZONAS,1,LETICIA,2020-03-31
91405,91,AMAZONAS,405,LA CHORRERA,2020-06-15
91407,91,AMAZONAS,407,LA PEDRERA,2020-07-17
91540,91,AMAZONAS,540,PUERTO NARIÑO,2020-04-15
91669,91,AMAZONAS,669,PUERTO SANTANDER,2020-06-24
91798,91,AMAZONAS,798,TARAPACÁ,2020-06-21
5001,5,ANTIOQUIA,1,MEDELLÍN,2020-02-29
5002,5,ANTIOQUIA,2,ABEJORRAL,2020-07-05
5004,5,ANTIOQUIA,4,ABRIAQUÍ,2020-07-06
5021,5,ANTIOQUIA,21,ALEJANDRÍA,2020-07-26
5030,5,ANTIOQUIA,30,AMAGÁ,2020-04-09
13030,13,BOLÍVAR,30,ALTOS DEL ROSARIO,2020-07-12
5031,5,ANTIOQUIA,31,AMALFI,2020-07-04
5034,5,ANTIOQUIA,34,ANDES,2020-04-04
5036,5,ANTIOQUIA,36,ANGELÓPOLIS,2020-07-27
5038,5,ANTIOQUIA,38,ANGOSTURA,2020-03-18
5040,5,ANTIOQUIA,40,ANORÍ,2020-07-06
5044,5,ANTIOQUIA,44,ANZÁ,2020-06-10
5045,5,ANTIOQUIA,45,APARTADÓ,2020-03-14
5051,5,ANTIOQUIA,51,ARBOLETES,2020-05-10
5059,5,ANTIOQUIA,59,ARMENIA,2020-07-01
13074,13,BOLÍVAR,74,BARRANCO DE LOBA,2020-03-12
5086,5,ANTIOQUIA,86,BELMIRA,2020-07-09
5091,5,ANTIOQUIA,91,BETANIA,2020-07-28
5093,5,ANTIOQUIA,93,BETULIA,2020-06-23
5101,5,ANTIOQUIA,101,CIUDAD BOLÍVAR,2020-06-20
5107,5,ANTIOQUIA,107,BRICEÑO,2020-05-19
5113,5,ANTIOQUIA,113,BURITICÁ,2020-04-01
5120,5,ANTIOQUIA,120,CÁCERES,2020-03-10
5125,5,ANTIOQUIA,125,CAICEDO,2020-06-24
5129,5,ANTIOQUIA,129,CALDAS,2020-03-20
5134,5,ANTIOQUIA,134,CAMPAMENTO,2020-07-02
5142,5,ANTIOQUIA,142,CARACOLÍ,2020-06-18
5145,5,ANTIOQUIA,145,CARAMANTA,2020-07-24
5147,5,ANTIOQUIA,147,CAREPA,2020-03-10
5148,5,ANTIOQUIA,148,EL CARMEN DE VIBORAL,2020-04-24
5150,5,ANTIOQUIA,150,CAROLINA,2020-07-14
5154,5,ANTIOQUIA,154,CAUCASIA,2020-05-09
5172,5,ANTIOQUIA,172,CHIGORODÓ,2020-05-27
5190,5,ANTIOQUIA,190,CISNEROS,2020-05-07
5197,5,ANTIOQUIA,197,COCORNÁ,2020-03-30
5209,5,ANTIOQUIA,209,CONCORDIA,2020-07-06
5234,5,ANTIOQUIA,234,DABEIBA,2020-06-02
5237,5,ANTIOQUIA,237,DONMATÍAS,2020-03-26
5240,5,ANTIOQUIA,240,EBÉJICO,2020-06-20
47245,47,MAGDALENA,245,EL BANCO,2020-04-08
5250,5,ANTIOQUIA,250,EL BAGRE,2020-05-08
5264,5,ANTIOQUIA,264,ENTRERRÍOS,2020-07-01
5266,5,ANTIOQUIA,266,ENVIGADO,2020-03-11
13268,13,BOLÍVAR,268,EL PEÑÓN,2020-07-13
5282,5,ANTIOQUIA,282,FREDONIA,2020-07-07
5306,5,ANTIOQUIA,306,GIRALDO,2020-05-28
5310,5,ANTIOQUIA,310,GÓMEZ PLATA,2020-07-06
5313,5,ANTIOQUIA,313,GRANADA,2020-04-06
5315,5,ANTIOQUIA,315,GUADALUPE,2020-07-22
5318,5,ANTIOQUIA,318,GUARNE,2020-03-13
66318,66,RISARALDA,318,GUÁTICA,2020-08-06
5321,5,ANTIOQUIA,321,GUATAPÉ,2020-03-10
5347,5,ANTIOQUIA,347,HELICONIA,2020-06-26
5353,5,ANTIOQUIA,353,HISPANIA,2020-06-07
5360,5,ANTIOQUIA,360,ITAGÜÍ,2020-03-06
5364,5,ANTIOQUIA,364,JARDÍN,2020-07-25
5368,5,ANTIOQUIA,368,JERICÓ,2020-05-21
5376,5,ANTIOQUIA,376,LA CEJA,2020-03-20
5380,5,ANTIOQUIA,380,LA ESTRELLA,2020-03-14
17388,17,CALDAS,388,LA MERCED,2020-07-26
5390,5,ANTIOQUIA,390,LA PINTADA,2020-07-13
5400,5,ANTIOQUIA,400,LA UNIÓN,2020-07-04
5411,5,ANTIOQUIA,411,LIBORINA,2020-07-06
5425,5,ANTIOQUIA,425,MACEO,2020-05-20
5440,5,ANTIOQUIA,440,MARINILLA,2020-05-16
17442,17,CALDAS,442,MARMATO,2020-04-22
20443,20,CESAR,443,MANAURE BALCÓN DEL CESAR,2020-06-08
5467,5,ANTIOQUIA,467,MONTEBELLO,2020-03-19
5475,5,ANTIOQUIA,475,MURINDÓ,2020-06-10
5480,5,ANTIOQUIA,480,MUTATÁ,2020-06-19
5490,5,ANTIOQUIA,490,NECOCLÍ,2020-06-12
5495,5,ANTIOQUIA,495,NECHÍ,2020-05-04
5501,5,ANTIOQUIA,501,OLAYA,2020-07-05
19533,19,CAUCA,533,PIAMONTE,2020-08-22
5541,5,ANTIOQUIA,541,PEÑOL,2020-07-09
15572,15,BOYACÁ,572,PUERTO BOYACÁ,2020-06-22
5576,5,ANTIOQUIA,576,PUEBLORRICO,2025-01-01
5579,5,ANTIOQUIA,579,PUERTO BERRÍO,2020-06-24
5585,5,ANTIOQUIA,585,PUERTO NARE,2020-06-27
5591,5,ANTIOQUIA,591,PUERTO TRIUNFO,2020-06-20
66594,66,RISARALDA,594,QUINCHÍA,2020-07-17
5604,5,ANTIOQUIA,604,REMEDIOS,2020-06-19
5607,5,ANTIOQUIA,607,RETIRO,2020-03-07
17614,17,CALDAS,614,RIOSUCIO,2020-05-01
5615,5,ANTIOQUIA,615,RIONEGRO,2020-03-09
20621,20,CESAR,621,LA PAZ,2020-04-11
5628,5,ANTIOQUIA,628,SABANALARGA,2020-07-08
5631,5,ANTIOQUIA,631,SABANETA,2020-03-14
5642,5,ANTIOQUIA,642,SALGAR,2020-05-29
5647,5,ANTIOQUIA,647,SAN ANDRÉS DE CUERQUÍA,2020-07-25
5649,5,ANTIOQUIA,649,SAN CARLOS,2020-06-24
5652,5,ANTIOQUIA,652,SAN FRANCISCO,2020-03-22
5656,5,ANTIOQUIA,656,SAN JERÓNIMO,2020-07-06
5659,5,ANTIOQUIA,659,SAN JUAN DE URABÁ,2020-06-01
5660,5,ANTIOQUIA,660,SAN LUIS,2020-06-30
5664,5,ANTIOQUIA,664,SAN PEDRO DE LOS MILAGROS,2020-06-27
5665,5,ANTIOQUIA,665,SAN PEDRO DE URABÁ,2020-04-11
5667,5,ANTIOQUIA,667,SAN RAFAEL,2020-06-30
13667,13,BOLÍVAR,667,SAN MARTÍN DE LOBA,2020-07-21
5670,5,ANTIOQUIA,670,SAN ROQUE,2020-05-29
5674,5,ANTIOQUIA,674,SAN VICENTE FERRER,2020-06-26
5679,5,ANTIOQUIA,679,SANTA BÁRBARA,2020-06-21
5686,5,ANTIOQUIA,686,SANTA ROSA DE OSOS,2020-03-16
5690,5,ANTIOQUIA,690,SANTO DOMINGO,2020-06-24
5697,5,ANTIOQUIA,697,EL SANTUARIO,2020-03-25
19701,19,CAUCA,701,SANTA ROSA,2020-07-22
5736,5,ANTIOQUIA,736,SEGOVIA,2020-06-20
20750,20,CESAR,750,SAN DIEGO,2020-03-19
5761,5,ANTIOQUIA,761,SOPETRÁN,2020-06-24
17777,17,CALDAS,777,SUPÍA,2020-05-28
5789,5,ANTIOQUIA,789,TÁMESIS,2020-05-22
5790,5,ANTIOQUIA,790,TARAZÁ,2020-05-20
5792,5,ANTIOQUIA,792,TARSO,2020-07-09
5809,5,ANTIOQUIA,809,TITIRIBÍ,2020-07-02
5837,5,ANTIOQUIA,837,TURBO,2020-05-09
5847,5,ANTIOQUIA,847,URRAO,2020-06-24
5854,5,ANTIOQUIA,854,VALDIVIA,2020-05-18
5856,5,ANTIOQUIA,856,VALPARAÍSO,2020-06-26
5858,5,ANTIOQUIA,858,VEGACHÍ,2020-08-13
5861,5,ANTIOQUIA,861,VENECIA,2020-06-22
5873,5,ANTIOQUIA,873,VIGÍA DEL FUERTE,2020-05-30
5885,5,ANTIOQUIA,885,YALÍ,2020-08-29
5890,5,ANTIOQUIA,890,YOLOMBÓ,2020-05-20
5893,5,ANTIOQUIA,893,YONDÓ,2020-07-21
81001,81,ARAUCA,1,ARAUCA,2020-04-24
81065,81,ARAUCA,65,ARAUQUITA,2020-05-30
81300,81,ARAUCA,300,FORTUL,2020-07-20
81736,81,ARAUCA,736,SARAVENA,2020-05-17
81794,81,ARAUCA,794,TAME,2020-05-28
88001,88,"ARCHIPIÉLAGO DE SAN ANDRÉS, PROVIDENCIA Y SANTA CATALINA",1,SAN ANDRÉS,2020-03-22
88564,88,"ARCHIPIÉLAGO DE SAN ANDRÉS, PROVIDENCIA Y SANTA CATALINA",564,PROVIDENCIA,2020-05-06
8078,8,ATLÁNTICO,78,BARANOA,2020-04-04
8137,8,ATLÁNTICO,137,CAMPO DE LA CRUZ,2020-05-04
8141,8,ATLÁNTICO,141,CANDELARIA,2020-05-04
8296,8,ATLÁNTICO,296,GALAPA,2020-03-17
8372,8,ATLÁNTICO,372,JUAN DE ACOSTA,2020-05-01
8421,8,ATLÁNTICO,421,LURUACO,2020-05-01
8433,8,ATLÁNTICO,433,MALAMBO,2020-04-02
8436,8,ATLÁNTICO,436,MANATÍ,2020-04-16
8520,8,ATLÁNTICO,520,PALMAR DE VARELA,2020-04-13
8549,8,ATLÁNTICO,549,PIOJÓ,2020-05-14
8558,8,ATLÁNTICO,558,POLONUEVO,2020-03-19
8560,8,ATLÁNTICO,560,PONEDERA,2020-03-21
8573,8,ATLÁNTICO,573,PUERTO COLOMBIA,2020-03-15
8606,8,ATLÁNTICO,606,REPELÓN,2020-04-27
8634,8,ATLÁNTICO,634,SABANAGRANDE,2020-03-03
8638,8,ATLÁNTICO,638,SABANALARGA,2020-04-19
8675,8,ATLÁNTICO,675,SANTA LUCÍA,2020-04-22
8685,8,ATLÁNTICO,685,SANTO TOMÁS,2020-03-13
8758,8,ATLÁNTICO,758,SOLEDAD,2020-03-15
8770,8,ATLÁNTICO,770,SUAN,2020-05-26
8832,8,ATLÁNTICO,832,TUBARÁ,2020-05-10
8849,8,ATLÁNTICO,849,USIACURÍ,2020-05-07
8001,8,ATLÁNTICO,1,BARRANQUILLA,2020-03-06
11001,11,"BOGOTÁ, D.C.",1,"BOGOTÁ, D.C.",2020-02-27
5658,5,ANTIOQUIA,658,SAN JOSÉ DE LA MONTAÑA,2020-06-29
13006,13,BOLÍVAR,6,ACHÍ,2020-06-15
13042,13,BOLÍVAR,42,ARENAL,2020-04-27
13052,13,BOLÍVAR,52,ARJONA,2020-03-19
13062,13,BOLÍVAR,62,ARROYOHONDO,2020-06-17
13140,13,BOLÍVAR,140,CALAMAR,2020-04-08
13160,13,BOLÍVAR,160,CANTAGALLO,2020-07-03
13188,13,BOLÍVAR,188,CICUCO,2020-06-07
13212,13,BOLÍVAR,212,CÓRDOBA,2020-06-26
13222,13,BOLÍVAR,222,CLEMENCIA,2020-05-07
13244,13,BOLÍVAR,244,EL CARMEN DE BOLÍVAR,2020-05-24
13248,13,BOLÍVAR,248,EL GUAMO,2020-07-24
13300,13,BOLÍVAR,300,HATILLO DE LOBA,2020-06-24
13430,13,BOLÍVAR,430,MAGANGUÉ,2020-04-30
13433,13,BOLÍVAR,433,MAHATES,2020-05-19
13440,13,BOLÍVAR,440,MARGARITA,2020-07-14
13442,13,BOLÍVAR,442,MARÍA LA BAJA,2020-04-24
13458,13,BOLÍVAR,458,MONTECRISTO,2020-06-18
13468,13,BOLÍVAR,468,SANTA CRUZ DE MOMPOX,2020-05-15
13473,13,BOLÍVAR,473,MORALES,2020-06-17
13490,13,BOLÍVAR,490,NOROSÍ,2020-06-30
13549,13,BOLÍVAR,549,PINILLOS,2020-06-02
13580,13,BOLÍVAR,580,REGIDOR,2020-07-15
13600,13,BOLÍVAR,600,RÍO VIEJO,2020-07-25
13620,13,BOLÍVAR,620,SAN CRISTÓBAL,2020-04-05
13647,13,BOLÍVAR,647,SAN ESTANISLAO,2020-06-10
13650,13,BOLÍVAR,650,SAN FERNANDO,2020-08-15
13654,13,BOLÍVAR,654,SAN JACINTO,2020-06-12
13655,13,BOLÍVAR,655,SAN JACINTO DEL CAUCA,2020-07-06
13657,13,BOLÍVAR,657,SAN JUAN NEPOMUCENO,2020-05-23
13670,13,BOLÍVAR,670,SAN PABLO,2020-05-21
13673,13,BOLÍVAR,673,SANTA CATALINA,2020-05-11
13683,13,BOLÍVAR,683,SANTA ROSA,2020-04-17
13688,13,BOLÍVAR,688,SANTA ROSA DEL SUR,2020-05-22
13744,13,BOLÍVAR,744,SIMITÍ,2020-08-10
13760,13,BOLÍVAR,760,SOPLAVIENTO,2020-06-13
13780,13,BOLÍVAR,780,TALAIGUA NUEVO,2020-07-02
13810,13,BOLÍVAR,810,TIQUISIO,2020-06-01
13836,13,BOLÍVAR,836,TURBACO,2020-03-15
13838,13,BOLÍVAR,838,TURBANÁ,2020-04-24
13873,13,BOLÍVAR,873,VILLANUEVA,2020-04-10
13894,13,BOLÍVAR,894,ZAMBRANO,2020-06-17
13001,13,BOLÍVAR,1,CARTAGENA DE INDIAS,2020-03-01
73024,73,TOLIMA,24,ALPUJARRA,2020-07-04
73236,73,TOLIMA,236,DOLORES,2020-07-06
73483,73,TOLIMA,483,NATAGAIMA,2020-06-08
5138,5,ANTIOQUIA,138,CAÑASGORDAS,2020-05-29
15001,15,BOYACÁ,1,TUNJA,2020-03-18
15047,15,BOYACÁ,47,AQUITANIA,2020-04-10
15051,15,BOYACÁ,51,ARCABUCO,2020-07-08
15087,15,BOYACÁ,87,BELÉN,2020-07-10
15097,15,BOYACÁ,97,BOAVITA,2020-08-12
15104,15,BOYACÁ,104,BOYACÁ,2020-08-12
15106,15,BOYACÁ,106,BRICEÑO,2020-07-21
15109,15,BOYACÁ,109,BUENAVISTA,2020-05-26
15131,15,BOYACÁ,131,CALDAS,2020-04-22
15162,15,BOYACÁ,162,CERINZA,2020-08-12
15176,15,BOYACÁ,176,CHIQUINQUIRÁ,2020-04-20
15180,15,BOYACÁ,180,CHISCAS,2020-08-03
15183,15,BOYACÁ,183,CHITA,2020-08-06
15185,15,BOYACÁ,185,CHITARAQUE,2020-08-08
15187,15,BOYACÁ,187,CHIVATÁ,2020-08-12
15189,15,BOYACÁ,189,CIÉNEGA,2020-07-31
15204,15,BOYACÁ,204,CÓMBITA,2020-05-01
15212,15,BOYACÁ,212,COPER,2020-05-17
15215,15,BOYACÁ,215,CORRALES,2020-05-22
15218,15,BOYACÁ,218,COVARACHÍA,2020-06-24
15223,15,BOYACÁ,223,CUBARÁ,2020-04-23
15224,15,BOYACÁ,224,CUCAITA,2020-05-05
15226,15,BOYACÁ,226,CUÍTIVA,2020-07-23
15232,15,BOYACÁ,232,CHÍQUIZA,2020-07-20
15238,15,BOYACÁ,238,DUITAMA,2020-04-20
15244,15,BOYACÁ,244,EL COCUY,2020-08-07
15248,15,BOYACÁ,248,EL ESPINO,2020-08-06
15272,15,BOYACÁ,272,FIRAVITOBA,2020-05-27
15293,15,BOYACÁ,293,GACHANTIVÁ,2020-08-11
15296,15,BOYACÁ,296,GÁMEZA,2020-07-31
15299,15,BOYACÁ,299,GARAGOA,2020-03-22
15317,15,BOYACÁ,317,GUACAMAYAS,2020-08-04
15322,15,BOYACÁ,322,GUATEQUE,2020-05-12
15325,15,BOYACÁ,325,GUAYATÁ,2020-06-05
15362,15,BOYACÁ,362,IZA,2020-07-21
15367,15,BOYACÁ,367,JENESANO,2020-08-11
15368,15,BOYACÁ,368,JERICÓ,2020-08-11
15380,15,BOYACÁ,380,LA CAPILLA,2020-08-29
15403,15,BOYACÁ,403,LA UVITA,2020-07-13
15407,15,BOYACÁ,407,VILLA DE LEYVA,2020-04-23
15425,15,BOYACÁ,425,MACANAL,2020-08-23
15442,15,BOYACÁ,442,MARIPÍ,2020-06-28
15455,15,BOYACÁ,455,MIRAFLORES,2020-05-05
15464,15,BOYACÁ,464,MONGUA,2020-08-28
15466,15,BOYACÁ,466,MONGUÍ,2020-07-10
15469,15,BOYACÁ,469,MONIQUIRÁ,2020-04-20
15476,15,BOYACÁ,476,MOTAVITA,2020-07-24
15480,15,BOYACÁ,480,MUZO,2020-04-30
15491,15,BOYACÁ,491,NOBSA,2020-06-23
15494,15,BOYACÁ,494,NUEVO COLÓN,2020-05-17
15500,15,BOYACÁ,500,OICATÁ,2020-03-25
15507,15,BOYACÁ,507,OTANCHE,2020-08-05
15511,15,BOYACÁ,511,PACHAVITA,2020-07-25
15516,15,BOYACÁ,516,PAIPA,2020-04-19
15518,15,BOYACÁ,518,PAJARITO,2020-08-05
15522,15,BOYACÁ,522,PANQUEBA,2020-08-07
15531,15,BOYACÁ,531,PAUNA,2020-05-17
15533,15,BOYACÁ,533,PAYA,2020-05-14
15537,15,BOYACÁ,537,PAZ DE RÍO,2020-08-02
15542,15,BOYACÁ,542,PESCA,2020-07-27
15580,15,BOYACÁ,580,QUÍPAMA,2020-07-26
15599,15,BOYACÁ,599,RAMIRIQUÍ,2020-06-19
15600,15,BOYACÁ,600,RÁQUIRA,2020-08-04
15632,15,BOYACÁ,632,SABOYÁ,2020-07-13
15638,15,BOYACÁ,638,SÁCHICA,2020-09-15
15646,15,BOYACÁ,646,SAMACÁ,2020-04-23
15664,15,BOYACÁ,664,SAN JOSÉ DE PARE,2020-07-31
15667,15,BOYACÁ,667,SAN LUIS DE GACENO,2020-08-13
15676,15,BOYACÁ,676,SAN MIGUEL DE SEMA,2020-05-13
15681,15,BOYACÁ,681,SAN PABLO DE BORBUR,2020-07-26
15686,15,BOYACÁ,686,SANTANA,2020-03-13
15690,15,BOYACÁ,690,SANTA MARÍA,2020-08-03
15693,15,BOYACÁ,693,SANTA ROSA DE VITERBO,2020-05-04
15696,15,BOYACÁ,696,SANTA SOFÍA,2020-03-28
15720,15,BOYACÁ,720,SATIVANORTE,2020-08-02
15723,15,BOYACÁ,723,SATIVASUR,2020-08-01
15740,15,BOYACÁ,740,SIACHOQUE,2020-06-25
15753,15,BOYACÁ,753,SOATÁ,2020-07-05
15757,15,BOYACÁ,757,SOCHA,2020-03-23
15759,15,BOYACÁ,759,SOGAMOSO,2020-03-25
15763,15,BOYACÁ,763,SOTAQUIRÁ,2020-07-30
15764,15,BOYACÁ,764,SORACÁ,2020-06-30
15774,15,BOYACÁ,774,SUSACÓN,2020-06-13
15776,15,BOYACÁ,776,SUTAMARCHÁN,2020-05-10
15790,15,BOYACÁ,790,TASCO,2020-05-19
15798,15,BOYACÁ,798,TENZA,2020-03-29
15804,15,BOYACÁ,804,TIBANÁ,2020-06-26
15806,15,BOYACÁ,806,TIBASOSA,2020-07-02
15808,15,BOYACÁ,808,TINJACÁ,2020-05-07
15810,15,BOYACÁ,810,TIPACOQUE,2020-05-11
15814,15,BOYACÁ,814,TOCA,2020-05-26
15816,15,BOYACÁ,816,TOGÜÍ,2020-03-21
15820,15,BOYACÁ,820,TÓPAGA,2020-08-05
15822,15,BOYACÁ,822,TOTA,2020-08-06
15832,15,BOYACÁ,832,TUNUNGUÁ,2020-08-26
15835,15,BOYACÁ,835,TURMEQUÉ,2020-04-27
15837,15,BOYACÁ,837,TUTA,2020-06-24
15842,15,BOYACÁ,842,ÚMBITA,2020-07-22
15861,15,BOYACÁ,861,VENTAQUEMADA,2020-05-07
15879,15,BOYACÁ,879,VIRACACHÁ,2020-05-08
15897,15,BOYACÁ,897,ZETAQUIRA,2020-07-25
5042,5,ANTIOQUIA,42,SANTA FÉ DE ANTIOQUIA,2020-06-05
5055,5,ANTIOQUIA,55,ARGELIA,2020-07-16
5756,5,ANTIOQUIA,756,SONSÓN,2020-04-03
17001,17,CALDAS,1,MANIZALES,2020-03-12
17013,17,CALDAS,13,AGUADAS,2020-05-01
17042,17,CALDAS,42,ANSERMA,2020-03-27
17050,17,CALDAS,50,ARANZAZU,2020-06-13
17088,17,CALDAS,88,BELALCÁZAR,2020-07-17
17174,17,CALDAS,174,CHINCHINÁ,2020-03-14
17272,17,CALDAS,272,FILADELFIA,2020-08-21
17380,17,CALDAS,380,LA DORADA,2020-03-13
17433,17,CALDAS,433,MANZANARES,2020-05-03
17444,17,CALDAS,444,MARQUETALIA,2020-04-27
17446,17,CALDAS,446,MARULANDA,2020-09-02
17486,17,CALDAS,486,NEIRA,2020-05-24
17495,17,CALDAS,495,NORCASIA,2020-04-25
17513,17,CALDAS,513,PÁCORA,2020-07-06
17524,17,CALDAS,524,PALESTINA,2020-07-07
17541,17,CALDAS,541,PENSILVANIA,2020-07-19
17616,17,CALDAS,616,RISARALDA,2020-04-20
17653,17,CALDAS,653,SALAMINA,2020-07-15
17662,17,CALDAS,662,SAMANÁ,2020-04-20
17665,17,CALDAS,665,SAN JOSÉ,2020-08-21
17867,17,CALDAS,867,VICTORIA,2020-07-20
17873,17,CALDAS,873,VILLAMARÍA,2020-03-14
17877,17,CALDAS,877,VITERBO,2020-03-15
18001,18,CAQUETÁ,1,FLORENCIA,2020-03-25
18029,18,CAQUETÁ,29,ALBANIA,2020-06-21
18094,18,CAQUETÁ,94,BELÉN DE LOS ANDAQUÍES,2020-07-01
18150,18,CAQUETÁ,150,CARTAGENA DEL CHAIRÁ,2020-06-26
18205,18,CAQUETÁ,205,CURILLO,2020-07-16
18247,18,CAQUETÁ,247,EL DONCELLO,2020-06-26
18256,18,CAQUETÁ,256,EL PAUJÍL,2020-07-01
18410,18,CAQUETÁ,410,LA MONTAÑITA,2020-07-05
18460,18,CAQUETÁ,460,MILÁN,2020-07-17
18479,18,CAQUETÁ,479,MORELIA,2020-07-13
18592,18,CAQUETÁ,592,PUERTO RICO,2020-06-24
18610,18,CAQUETÁ,610,SAN JOSÉ DEL FRAGUA,2020-06-27
18753,18,CAQUETÁ,753,SAN VICENTE DEL CAGUÁN,2020-04-22
18756,18,CAQUETÁ,756,SOLANO,2020-07-13
18785,18,CAQUETÁ,785,SOLITA,2020-06-17
41206,41,HUILA,206,COLOMBIA,2020-07-14
85001,85,CASANARE,1,YOPAL,2020-03-17
85010,85,CASANARE,10,AGUAZUL,2020-06-09
85125,85,CASANARE,125,HATO COROZAL,2020-07-19
85139,85,CASANARE,139,MANÍ,2020-06-08
85162,85,CASANARE,162,MONTERREY,2020-07-06
85230,85,CASANARE,230,OROCUÉ,2020-06-23
85250,85,CASANARE,250,PAZ DE ARIPORO,2020-04-20
85263,85,CASANARE,263,PORE,2020-06-15
85279,85,CASANARE,279,RECETOR,2020-08-20
85315,85,CASANARE,315,SÁCAMA,2020-09-12
85325,85,CASANARE,325,SAN LUIS DE PALENQUE,2020-07-30
85410,85,CASANARE,410,TAURAMENA,2020-05-08
85430,85,CASANARE,430,TRINIDAD,2020-07-17
85440,85,CASANARE,440,VILLANUEVA,2020-05-04
19001,19,CAUCA,1,POPAYÁN,2020-03-09
19050,19,CAUCA,50,ARGELIA,2020-06-15
19075,19,CAUCA,75,BALBOA,2020-06-09
19100,19,CAUCA,100,BOLÍVAR,2020-08-04
19110,19,CAUCA,110,BUENOS AIRES,2020-05-05
19130,19,CAUCA,130,CAJIBÍO,2020-06-06
19137,19,CAUCA,137,CALDONO,2020-06-09
19142,19,CAUCA,142,CALOTO,2020-04-24
19212,19,CAUCA,212,CORINTO,2020-06-18
19256,19,CAUCA,256,EL TAMBO,2020-04-01
19290,19,CAUCA,290,FLORENCIA,2020-07-19
19300,19,CAUCA,300,GUACHENÉ,2020-03-28
19318,19,CAUCA,318,GUAPI,2020-05-25
19355,19,CAUCA,355,INZÁ,2020-07-22
19364,19,CAUCA,364,JAMBALÓ,2020-07-18
19392,19,CAUCA,392,LA SIERRA,2020-07-05
19397,19,CAUCA,397,LA VEGA,2020-08-02
19418,19,CAUCA,418,LÓPEZ DE MICAY,2020-04-20
19450,19,CAUCA,450,MERCADERES,2020-06-11
19455,19,CAUCA,455,MIRANDA,2020-03-25
19473,19,CAUCA,473,MORALES,2020-06-28
19513,19,CAUCA,513,PADILLA,2020-06-05
19517,19,CAUCA,517,PÁEZ,2020-07-09
19532,19,CAUCA,532,PATÍA,2020-05-17
19548,19,CAUCA,548,PIENDAMÓ - TUNÍA,2020-04-20
19573,19,CAUCA,573,PUERTO TEJADA,2020-04-01
19585,19,CAUCA,585,PURACÉ,2020-07-28
19622,19,CAUCA,622,ROSAS,2020-06-22
19698,19,CAUCA,698,SANTANDER DE QUILICHAO,2020-03-21
19743,19,CAUCA,743,SILVIA,2020-05-27
19760,19,CAUCA,760,SOTARÁ - PAISPAMBA,2020-07-24
19780,19,CAUCA,780,SUÁREZ,2020-06-29
19785,19,CAUCA,785,SUCRE,2020-07-23
19807,19,CAUCA,807,TIMBÍO,2020-03-28
19809,19,CAUCA,809,TIMBIQUÍ,2020-05-01
19821,19,CAUCA,821,TORIBÍO,2020-07-10
19824,19,CAUCA,824,TOTORÓ,2020-04-30
19845,19,CAUCA,845,VILLA RICA,2020-04-18
41799,41,HUILA,799,TELLO,2020-05-31
41872,41,HUILA,872,VILLAVIEJA,2020-07-10
5284,5,ANTIOQUIA,284,FRONTINO,2020-03-15
5842,5,ANTIOQUIA,842,URAMITA,2020-07-05
18860,18,CAQUETÁ,860,VALPARAÍSO,2020-07-08
20001,20,CESAR,1,VALLEDUPAR,2020-03-14
20011,20,CESAR,11,AGUACHICA,2020-04-05
20013,20,CESAR,13,AGUSTÍN CODAZZI,2020-04-08
20032,20,CESAR,32,ASTREA,2020-06-12
20045,20,CESAR,45,BECERRIL,2020-05-18
20060,20,CESAR,60,BOSCONIA,2020-04-11
20175,20,CESAR,175,CHIMICHAGUA,2020-06-08
20178,20,CESAR,178,CHIRIGUANÁ,2020-04-23
20228,20,CESAR,228,CURUMANÍ,2020-05-25
20238,20,CESAR,238,EL COPEY,2020-05-21
20250,20,CESAR,250,EL PASO,2020-05-12
20295,20,CESAR,295,GAMARRA,2020-06-05
20310,20,CESAR,310,GONZÁLEZ,2020-05-11
20383,20,CESAR,383,LA GLORIA,2020-06-04
20400,20,CESAR,400,LA JAGUA DE IBIRICO,2020-04-17
20517,20,CESAR,517,PAILITAS,2020-05-31
20550,20,CESAR,550,PELAYA,2020-05-31
20570,20,CESAR,570,PUEBLO BELLO,2020-05-25
20614,20,CESAR,614,RÍO DE ORO,2020-04-14
20710,20,CESAR,710,SAN ALBERTO,2020-06-05
20770,20,CESAR,770,SAN MARTÍN,2020-04-02
20787,20,CESAR,787,TAMALAMEQUE,2020-06-03
27001,27,CHOCÓ,1,QUIBDÓ,2020-03-23
27006,27,CHOCÓ,6,ACANDÍ,2020-06-22
27025,27,CHOCÓ,25,ALTO BAUDÓ,2020-05-26
27050,27,CHOCÓ,50,ATRATO,2020-05-01
27073,27,CHOCÓ,73,BAGADÓ,2020-05-12
27075,27,CHOCÓ,75,BAHÍA SOLANO,2020-05-02
27077,27,CHOCÓ,77,BAJO BAUDÓ,2020-06-13
27099,27,CHOCÓ,99,BOJAYÁ,2020-05-05
27135,27,CHOCÓ,135,EL CANTÓN DEL SAN PABLO,2020-05-30
27150,27,CHOCÓ,150,CARMEN DEL DARIÉN,2020-06-25
27160,27,CHOCÓ,160,CÉRTEGUI,2020-05-17
27205,27,CHOCÓ,205,CONDOTO,2020-05-20
27245,27,CHOCÓ,245,EL CARMEN DE ATRATO,2020-06-01
27250,27,CHOCÓ,250,EL LITORAL DEL SAN JUAN,2020-08-01
27361,27,CHOCÓ,361,ISTMINA,2020-05-03
27413,27,CHOCÓ,413,LLORÓ,2020-06-01
27430,27,CHOCÓ,430,MEDIO BAUDÓ,2020-05-02
27450,27,CHOCÓ,450,MEDIO SAN JUAN,2020-06-16
27491,27,CHOCÓ,491,NÓVITA,2020-06-23
27495,27,CHOCÓ,495,NUQUÍ,2020-07-02
27580,27,CHOCÓ,580,RÍO IRÓ,2020-05-02
27600,27,CHOCÓ,600,RÍO QUITO,2020-05-08
27615,27,CHOCÓ,615,RIOSUCIO,2020-06-14
27787,27,CHOCÓ,787,TADÓ,2020-05-08
27800,27,CHOCÓ,800,UNGUÍA,2020-05-18
27810,27,CHOCÓ,810,UNIÓN PANAMERICANA,2020-04-01
23001,23,CÓRDOBA,1,MONTERÍA,2020-03-15
23068,23,CÓRDOBA,68,AYAPEL,2020-04-06
23079,23,CÓRDOBA,79,BUENAVISTA,2020-05-30
23090,23,CÓRDOBA,90,CANALETE,2020-04-23
23162,23,CÓRDOBA,162,CERETÉ,2020-03-28
23168,23,CÓRDOBA,168,CHIMÁ,2020-05-18
23182,23,CÓRDOBA,182,CHINÚ,2020-05-14
23189,23,CÓRDOBA,189,CIÉNAGA DE ORO,2020-03-29
23300,23,CÓRDOBA,300,COTORRA,2020-05-29
23350,23,CÓRDOBA,350,LA APARTADA,2020-06-27
23417,23,CÓRDOBA,417,LORICA,2020-04-12
23419,23,CÓRDOBA,419,LOS CÓRDOBAS,2020-05-12
23464,23,CÓRDOBA,464,MOMIL,2020-06-22
23466,23,CÓRDOBA,466,MONTELÍBANO,2020-05-04
23500,23,CÓRDOBA,500,MOÑITOS,2020-06-10
23555,23,CÓRDOBA,555,PLANETA RICA,2020-05-02
23570,23,CÓRDOBA,570,PUEBLO NUEVO,2020-04-12
23574,23,CÓRDOBA,574,PUERTO ESCONDIDO,2020-05-31
23580,23,CÓRDOBA,580,PUERTO LIBERTADOR,2020-06-04
23586,23,CÓRDOBA,586,PURÍSIMA DE LA CONCEPCIÓN,2020-05-31
23660,23,CÓRDOBA,660,SAHAGÚN,2020-03-26
23670,23,CÓRDOBA,670,SAN ANDRÉS DE SOTAVENTO,2020-06-08
23672,23,CÓRDOBA,672,SAN ANTERO,2020-06-15
23675,23,CÓRDOBA,675,SAN BERNARDO DEL VIENTO,2020-05-21
23678,23,CÓRDOBA,678,SAN CARLOS,2020-06-05
23682,23,CÓRDOBA,682,SAN JOSÉ DE URÉ,2020-06-02
23686,23,CÓRDOBA,686,SAN PELAYO,2020-06-10
23807,23,CÓRDOBA,807,TIERRALTA,2020-03-30
23815,23,CÓRDOBA,815,TUCHÍN,2020-05-26
23855,23,CÓRDOBA,855,VALENCIA,2020-05-30
25001,25,CUNDINAMARCA,1,AGUA DE DIOS,2020-05-18
25019,25,CUNDINAMARCA,19,ALBÁN,2020-05-30
25035,25,CUNDINAMARCA,35,ANAPOIMA,2020-03-11
25040,25,CUNDINAMARCA,40,ANOLAIMA,2020-05-20
25053,25,CUNDINAMARCA,53,ARBELÁEZ,2020-07-07
25086,25,CUNDINAMARCA,86,BELTRÁN,2020-06-10
25095,25,CUNDINAMARCA,95,BITUIMA,2020-06-30
25099,25,CUNDINAMARCA,99,BOJACÁ,2020-06-08
25120,25,CUNDINAMARCA,120,CABRERA,2020-05-26
25123,25,CUNDINAMARCA,123,CACHIPAY,2020-05-30
25126,25,CUNDINAMARCA,126,CAJICÁ,2020-03-08
25148,25,CUNDINAMARCA,148,CAPARRAPÍ,2020-08-14
25151,25,CUNDINAMARCA,151,CÁQUEZA,2020-04-30
25154,25,CUNDINAMARCA,154,CARMEN DE CARUPA,2020-06-22
25175,25,CUNDINAMARCA,175,CHÍA,2020-03-10
25178,25,CUNDINAMARCA,178,CHIPAQUE,2020-04-29
25181,25,CUNDINAMARCA,181,CHOACHÍ,2020-03-25
25183,25,CUNDINAMARCA,183,CHOCONTÁ,2020-05-10
25200,25,CUNDINAMARCA,200,COGUA,2020-03-28
25214,25,CUNDINAMARCA,214,COTA,2020-03-14
25224,25,CUNDINAMARCA,224,CUCUNUBÁ,2020-06-06
25245,25,CUNDINAMARCA,245,EL COLEGIO,2020-04-03
25258,25,CUNDINAMARCA,258,EL PEÑÓN,2020-05-03
25260,25,CUNDINAMARCA,260,EL ROSAL,2020-05-28
25269,25,CUNDINAMARCA,269,FACATATIVÁ,2020-03-20
25279,25,CUNDINAMARCA,279,FÓMEQUE,2020-04-29
25281,25,CUNDINAMARCA,281,FOSCA,2020-07-10
25286,25,CUNDINAMARCA,286,FUNZA,2020-03-20
25288,25,CUNDINAMARCA,288,FÚQUENE,2020-06-28
25290,25,CUNDINAMARCA,290,FUSAGASUGÁ,2020-03-17
25293,25,CUNDINAMARCA,293,GACHALÁ,2020-07-03
25295,25,CUNDINAMARCA,295,GACHANCIPÁ,2020-05-03
25297,25,CUNDINAMARCA,297,GACHETÁ,2020-07-01
25299,25,CUNDINAMARCA,299,GAMA,2020-07-27
25307,25,CUNDINAMARCA,307,GIRARDOT,2020-05-02
25312,25,CUNDINAMARCA,312,GRANADA,2020-06-03
25317,25,CUNDINAMARCA,317,GUACHETÁ,2020-07-23
25320,25,CUNDINAMARCA,320,GUADUAS,2020-03-31
25322,25,CUNDINAMARCA,322,GUASCA,2020-06-15
25324,25,CUNDINAMARCA,324,GUATAQUÍ,2020-06-06
25326,25,CUNDINAMARCA,326,GUATAVITA,2020-05-31
25335,25,CUNDINAMARCA,335,GUAYABETAL,2020-08-01
25372,25,CUNDINAMARCA,372,JUNÍN,2020-05-11
25377,25,CUNDINAMARCA,377,LA CALERA,2020-03-20
25386,25,CUNDINAMARCA,386,LA MESA,2020-05-16
25394,25,CUNDINAMARCA,394,LA PALMA,2020-06-21
25402,25,CUNDINAMARCA,402,LA VEGA,2020-06-12
25407,25,CUNDINAMARCA,407,LENGUAZAQUE,2020-05-14
25426,25,CUNDINAMARCA,426,MACHETÁ,2020-05-25
25430,25,CUNDINAMARCA,430,MADRID,2020-03-14
25436,25,CUNDINAMARCA,436,MANTA,2020-05-17
25473,25,CUNDINAMARCA,473,MOSQUERA,2020-03-16
25483,25,CUNDINAMARCA,483,NARIÑO,2020-06-20
25486,25,CUNDINAMARCA,486,NEMOCÓN,2020-06-12
25488,25,CUNDINAMARCA,488,NILO,2020-05-10
25489,25,CUNDINAMARCA,489,NIMAIMA,2020-07-08
25491,25,CUNDINAMARCA,491,NOCAIMA,2020-07-31
25506,25,CUNDINAMARCA,506,VENECIA,2020-05-16
25513,25,CUNDINAMARCA,513,PACHO,2020-03-20
25524,25,CUNDINAMARCA,524,PANDI,2020-07-09
25530,25,CUNDINAMARCA,530,PARATEBUENO,2020-08-03
25535,25,CUNDINAMARCA,535,PASCA,2020-05-12
25572,25,CUNDINAMARCA,572,PUERTO SALGAR,2020-05-14
25580,25,CUNDINAMARCA,580,PULÍ,2020-08-30
25592,25,CUNDINAMARCA,592,QUEBRADANEGRA,2020-07-05
25594,25,CUNDINAMARCA,594,QUETAME,2020-06-25
25596,25,CUNDINAMARCA,596,QUIPILE,2020-08-21
25599,25,CUNDINAMARCA,599,APULO,2020-05-26
25612,25,CUNDINAMARCA,612,RICAURTE,2020-05-18
25645,25,CUNDINAMARCA,645,SAN ANTONIO DEL TEQUENDAMA,2020-05-10
25649,25,CUNDINAMARCA,649,SAN BERNARDO,2020-06-11
25653,25,CUNDINAMARCA,653,SAN CAYETANO,2020-08-31
25658,25,CUNDINAMARCA,658,SAN FRANCISCO,2020-05-11
25662,25,CUNDINAMARCA,662,SAN JUAN DE RIOSECO,2020-03-16
25718,25,CUNDINAMARCA,718,SASAIMA,2020-05-28
25736,25,CUNDINAMARCA,736,SESQUILÉ,2020-05-18
25740,25,CUNDINAMARCA,740,SIBATÉ,2020-04-18
25743,25,CUNDINAMARCA,743,SILVANIA,2020-04-28
25745,25,CUNDINAMARCA,745,SIMIJACA,2020-06-05
25754,25,CUNDINAMARCA,754,SOACHA,2020-03-11
25758,25,CUNDINAMARCA,758,SOPÓ,2020-03-17
25769,25,CUNDINAMARCA,769,SUBACHOQUE,2020-03-12
25772,25,CUNDINAMARCA,772,SUESCA,2020-03-29
25777,25,CUNDINAMARCA,777,SUPATÁ,2020-08-03
25779,25,CUNDINAMARCA,779,SUSA,2020-08-31
25781,25,CUNDINAMARCA,781,SUTATAUSA,2020-07-24
25785,25,CUNDINAMARCA,785,TABIO,2020-05-05
25793,25,CUNDINAMARCA,793,TAUSA,2020-07-01
25797,25,CUNDINAMARCA,797,TENA,2020-05-15
25799,25,CUNDINAMARCA,799,TENJO,2020-03-30
25805,25,CUNDINAMARCA,805,TIBACUY,2020-09-07
25815,25,CUNDINAMARCA,815,TOCAIMA,2020-05-30
25817,25,CUNDINAMARCA,817,TOCANCIPÁ,2020-03-14
25839,25,CUNDINAMARCA,839,UBALÁ,2020-06-18
25841,25,CUNDINAMARCA,841,UBAQUE,2020-05-20
25843,25,CUNDINAMARCA,843,VILLA DE SAN DIEGO DE UBATÉ,2020-03-28
25845,25,CUNDINAMARCA,845,UNE,2020-04-26
25851,25,CUNDINAMARCA,851,ÚTICA,2020-07-14
25862,25,CUNDINAMARCA,862,VERGARA,2020-07-25
25867,25,CUNDINAMARCA,867,VIANÍ,2020-05-29
25873,25,CUNDINAMARCA,873,VILLAPINZÓN,2020-03-15
25875,25,CUNDINAMARCA,875,VILLETA,2020-03-17
25878,25,CUNDINAMARCA,878,VIOTÁ,2020-05-22
25885,25,CUNDINAMARCA,885,YACOPÍ,2020-05-14
25898,25,CUNDINAMARCA,898,ZIPACÓN,2020-05-10
25899,25,CUNDINAMARCA,899,ZIPAQUIRÁ,2020-03-10
94001,94,GUAINÍA,1,INÍRIDA,2020-05-18
94663,94,GUAINÍA,663,MAPIRIPANA,2020-06-17
94883,94,GUAINÍA,883,SAN FELIPE,2020-06-12
94884,94,GUAINÍA,884,PUERTO COLOMBIA,2020-06-17
95001,95,GUAVIARE,1,SAN JOSÉ DEL GUAVIARE,2020-06-01
95015,95,GUAVIARE,15,CALAMAR,2020-07-27
95025,95,GUAVIARE,25,EL RETORNO,2020-08-08
95200,95,GUAVIARE,200,MIRAFLORES,2020-07-12
5079,5,ANTIOQUIA,79,BARBOSA,2020-04-15
5088,5,ANTIOQUIA,88,BELLO,2020-03-09
5819,5,ANTIOQUIA,819,TOLEDO,2020-07-11
5887,5,ANTIOQUIA,887,YARUMAL,2020-06-01
41001,41,HUILA,1,NEIVA,2020-03-06
41006,41,HUILA,6,ACEVEDO,2020-04-13
41013,41,HUILA,13,AGRADO,2020-03-26
41016,41,HUILA,16,AIPE,2020-04-13
41020,41,HUILA,20,ALGECIRAS,2020-04-23
41026,41,HUILA,26,ALTAMIRA,2020-07-08
41132,41,HUILA,132,CAMPOALEGRE,2020-05-08
41244,41,HUILA,244,ELÍAS,2020-07-22
41298,41,HUILA,298,GARZÓN,2020-03-19
41306,41,HUILA,306,GIGANTE,2020-03-30
41319,41,HUILA,319,GUADALUPE,2020-07-13
41349,41,HUILA,349,HOBO,2020-07-10
41357,41,HUILA,357,ÍQUIRA,2020-07-20
41359,41,HUILA,359,ISNOS,2020-04-11
41378,41,HUILA,378,LA ARGENTINA,2020-07-08
41396,41,HUILA,396,LA PLATA,2020-04-20
41483,41,HUILA,483,NÁTAGA,2020-03-30
41503,41,HUILA,503,OPORAPA,2020-04-18
41518,41,HUILA,518,PAICOL,2020-04-22
41524,41,HUILA,524,PALERMO,2020-03-18
41530,41,HUILA,530,PALESTINA,2020-05-14
41548,41,HUILA,548,PITAL,2020-07-01
41551,41,HUILA,551,PITALITO,2020-03-26
41615,41,HUILA,615,RIVERA,2020-03-05
41660,41,HUILA,660,SALADOBLANCO,2020-05-02
41668,41,HUILA,668,SAN AGUSTÍN,2020-03-14
41676,41,HUILA,676,SANTA MARÍA,2020-06-26
41770,41,HUILA,770,SUAZA,2020-07-08
41791,41,HUILA,791,TARQUI,2020-07-08
41797,41,HUILA,797,TESALIA,2020-08-07
41801,41,HUILA,801,TERUEL,2020-07-24
41807,41,HUILA,807,TIMANÁ,2020-04-04
41885,41,HUILA,885,YAGUARÁ,2020-03-25
44001,44,LA GUAJIRA,1,RIOHACHA,2020-03-14
44035,44,LA GUAJIRA,35,ALBANIA,2020-04-23
44078,44,LA GUAJIRA,78,BARRANCAS,2020-05-14
44090,44,LA GUAJIRA,90,DIBULLA,2020-05-09
44098,44,LA GUAJIRA,98,DISTRACCIÓN,2020-04-01
44110,44,LA GUAJIRA,110,EL MOLINO,2020-06-29
44279,44,LA GUAJIRA,279,FONSECA,2020-04-28
44378,44,LA GUAJIRA,378,HATONUEVO,2020-05-19
44420,44,LA GUAJIRA,420,LA JAGUA DEL PILAR,2020-07-03
44430,44,LA GUAJIRA,430,MAICAO,2020-04-22
44560,44,LA GUAJIRA,560,MANAURE,2020-04-30
44650,44,LA GUAJIRA,650,SAN JUAN DEL CESAR,2020-04-10
44847,44,LA GUAJIRA,847,URIBIA,2020-05-23
44855,44,LA GUAJIRA,855,URUMITA,2020-06-30
44874,44,LA GUAJIRA,874,VILLANUEVA,2020-06-24
41078,41,HUILA,78,BARAYA,2020-07-10
47030,47,MAGDALENA,30,ALGARROBO,2020-07-04
47053,47,MAGDALENA,53,ARACATACA,2020-05-08
47058,47,MAGDALENA,58,ARIGUANÍ,2020-05-25
47161,47,MAGDALENA,161,CERRO DE SAN ANTONIO,2020-05-15
47170,47,MAGDALENA,170,CHIVOLO,2020-06-28
47189,47,MAGDALENA,189,CIÉNAGA,2020-03-21
47205,47,MAGDALENA,205,CONCORDIA,2020-06-20
47258,47,MAGDALENA,258,EL PIÑÓN,2020-05-14
47268,47,MAGDALENA,268,EL RETÉN,2020-05-05
47288,47,MAGDALENA,288,FUNDACIÓN,2020-04-30
47318,47,MAGDALENA,318,GUAMAL,2020-06-17
47460,47,MAGDALENA,460,NUEVA GRANADA,2020-06-25
47541,47,MAGDALENA,541,PEDRAZA,2020-06-23
47545,47,MAGDALENA,545,PIJIÑO DEL CARMEN,2020-06-16
47551,47,MAGDALENA,551,PIVIJAY,2020-05-06
47555,47,MAGDALENA,555,PLATO,2020-06-06
47570,47,MAGDALENA,570,PUEBLOVIEJO,2020-04-13
47605,47,MAGDALENA,605,REMOLINO,2020-06-08
47660,47,MAGDALENA,660,SABANAS DE SAN ÁNGEL,2020-07-24
47675,47,MAGDALENA,675,SALAMINA,2020-07-24
47692,47,MAGDALENA,692,SAN SEBASTIÁN DE BUENAVISTA,2020-05-03
47703,47,MAGDALENA,703,SAN ZENÓN,2020-07-03
47707,47,MAGDALENA,707,SANTA ANA,2020-06-08
47720,47,MAGDALENA,720,SANTA BÁRBARA DE PINTO,2020-06-26
47745,47,MAGDALENA,745,SITIONUEVO,2020-05-03
47798,47,MAGDALENA,798,TENERIFE,2020-07-23
47960,47,MAGDALENA,960,ZAPAYÁN,2020-07-21
47980,47,MAGDALENA,980,ZONA BANANERA,2020-03-26
47001,47,MAGDALENA,1,SANTA MARTA,2020-02-29
50001,50,META,1,VILLAVICENCIO,2020-03-09
50006,50,META,6,ACACÍAS,2020-03-29
50110,50,META,110,BARRANCA DE UPÍA,2020-08-24
50124,50,META,124,CABUYARO,2020-05-13
50150,50,META,150,CASTILLA LA NUEVA,2020-06-26
50223,50,META,223,CUBARRAL,2020-07-07
50226,50,META,226,CUMARAL,2020-05-19
50251,50,META,251,EL CASTILLO,2020-07-02
50270,50,META,270,EL DORADO,2020-08-25
50287,50,META,287,FUENTE DE ORO,2020-07-18
50313,50,META,313,GRANADA,2020-04-14
50318,50,META,318,GUAMAL,2020-07-28
50325,50,META,325,MAPIRIPÁN,2020-07-03
50330,50,META,330,MESETAS,2020-06-25
50350,50,META,350,LA MACARENA,2020-07-28
50370,50,META,370,URIBE,2020-08-16
50400,50,META,400,LEJANÍAS,2020-08-08
50450,50,META,450,PUERTO CONCORDIA,2020-08-09
50568,50,META,568,PUERTO GAITÁN,2020-05-07
50573,50,META,573,PUERTO LÓPEZ,2020-05-03
50577,50,META,577,PUERTO LLERAS,2020-08-22
50590,50,META,590,PUERTO RICO,2020-08-21
50606,50,META,606,RESTREPO,2020-04-25
50680,50,META,680,SAN CARLOS DE GUAROA,2020-05-06
50683,50,META,683,SAN JUAN DE ARAMA,2020-04-28
50689,50,META,689,SAN MARTÍN,2020-06-16
50711,50,META,711,VISTAHERMOSA,2020-08-12
52001,52,NARIÑO,1,PASTO,2020-03-15
52019,52,NARIÑO,19,ALBÁN,2020-06-09
52022,52,NARIÑO,22,ALDANA,2020-05-24
52036,52,NARIÑO,36,ANCUYA,2020-04-23
52051,52,NARIÑO,51,ARBOLEDA,2020-05-25
52079,52,NARIÑO,79,BARBACOAS,2020-05-20
52083,52,NARIÑO,83,BELÉN,2020-04-14
52110,52,NARIÑO,110,BUESACO,2020-07-08
52203,52,NARIÑO,203,COLÓN,2020-05-30
52207,52,NARIÑO,207,CONSACÁ,2020-06-21
52210,52,NARIÑO,210,CONTADERO,2020-03-21
52215,52,NARIÑO,215,CÓRDOBA,2020-05-20
52224,52,NARIÑO,224,CUASPUD CARLOSAMA,2020-04-15
52227,52,NARIÑO,227,CUMBAL,2020-03-16
52233,52,NARIÑO,233,CUMBITARA,2020-03-19
52240,52,NARIÑO,240,CHACHAGÜÍ,2020-05-19
52250,52,NARIÑO,250,EL CHARCO,2020-05-14
52254,52,NARIÑO,254,EL PEÑOL,2020-06-02
52256,52,NARIÑO,256,EL ROSARIO,2020-08-21
52260,52,NARIÑO,260,EL TAMBO,2020-05-23
52287,52,NARIÑO,287,FUNES,2020-06-25
52317,52,NARIÑO,317,GUACHUCAL,2020-04-10
52320,52,NARIÑO,320,GUAITARILLA,2020-05-22
52323,52,NARIÑO,323,GUALMATÁN,2020-07-22
52352,52,NARIÑO,352,ILES,2020-07-21
52354,52,NARIÑO,354,IMUÉS,2020-05-23
52356,52,NARIÑO,356,IPIALES,2020-03-19
52378,52,NARIÑO,378,LA CRUZ,2020-05-06
52381,52,NARIÑO,381,LA FLORIDA,2020-04-24
52385,52,NARIÑO,385,LA LLANADA,2020-05-07
52390,52,NARIÑO,390,LA TOLA,2020-04-23
52399,52,NARIÑO,399,LA UNIÓN,2020-03-15
52405,52,NARIÑO,405,LEIVA,2020-06-30
52411,52,NARIÑO,411,LINARES,2020-04-27
52418,52,NARIÑO,418,LOS ANDES,2020-06-25
52427,52,NARIÑO,427,MAGÜÍ,2020-04-24
52435,52,NARIÑO,435,MALLAMA,2020-05-10
52473,52,NARIÑO,473,MOSQUERA,2020-04-15
52480,52,NARIÑO,480,NARIÑO,2020-05-23
52490,52,NARIÑO,490,OLAYA HERRERA,2020-05-15
52506,52,NARIÑO,506,OSPINA,2020-08-15
52520,52,NARIÑO,520,FRANCISCO PIZARRO,2020-05-08
52540,52,NARIÑO,540,POLICARPA,2020-08-10
52560,52,NARIÑO,560,POTOSÍ,2020-04-18
52565,52,NARIÑO,565,PROVIDENCIA,2020-08-24
52573,52,NARIÑO,573,PUERRES,2020-05-18
52585,52,NARIÑO,585,PUPIALES,2020-05-22
52612,52,NARIÑO,612,RICAURTE,2020-05-25
52621,52,NARIÑO,621,ROBERTO PAYÁN,2020-05-22
52678,52,NARIÑO,678,SAMANIEGO,2020-06-02
52683,52,NARIÑO,683,SANDONÁ,2020-05-27
52685,52,NARIÑO,685,SAN BERNARDO,2020-05-13
52687,52,NARIÑO,687,SAN LORENZO,2020-05-26
52693,52,NARIÑO,693,SAN PABLO,2020-05-10
52694,52,NARIÑO,694,SAN PEDRO DE CARTAGO,2020-07-03
52696,52,NARIÑO,696,SANTA BÁRBARA,2020-05-05
52699,52,NARIÑO,699,SANTACRUZ,2020-07-14
52720,52,NARIÑO,720,SAPUYES,2020-07-27
52786,52,NARIÑO,786,TAMINANGO,2020-05-29
52788,52,NARIÑO,788,TANGUA,2020-07-16
52835,52,NARIÑO,835,SAN ANDRÉS DE TUMACO,2020-03-20
52838,52,NARIÑO,838,TÚQUERRES,2020-04-12
52885,52,NARIÑO,885,YACUANQUER,2020-05-22
54001,54,NORTE DE SANTANDER,1,SAN JOSÉ DE CÚCUTA,2020-03-11
54003,54,NORTE DE SANTANDER,3,ÁBREGO,2020-04-23
54051,54,NORTE DE SANTANDER,51,ARBOLEDAS,2020-07-04
54099,54,NORTE DE SANTANDER,99,BOCHALEMA,2020-06-18
54109,54,NORTE DE SANTANDER,109,BUCARASICA,2020-07-23
54125,54,NORTE DE SANTANDER,125,CÁCOTA,2020-04-22
54128,54,NORTE DE SANTANDER,128,CÁCHIRA,2020-08-16
54172,54,NORTE DE SANTANDER,172,CHINÁCOTA,2020-07-03
54174,54,NORTE DE SANTANDER,174,CHITAGÁ,2020-06-17
54206,54,NORTE DE SANTANDER,206,CONVENCIÓN,2020-05-18
54223,54,NORTE DE SANTANDER,223,CUCUTILLA,2020-07-23
54239,54,NORTE DE SANTANDER,239,DURANIA,2020-06-28
54245,54,NORTE DE SANTANDER,245,EL CARMEN,2020-07-11
54250,54,NORTE DE SANTANDER,250,EL TARRA,2020-07-07
54261,54,NORTE DE SANTANDER,261,EL ZULIA,2020-05-05
54313,54,NORTE DE SANTANDER,313,GRAMALOTE,2020-07-04
54344,54,NORTE DE SANTANDER,344,HACARÍ,2020-07-28
54347,54,NORTE DE SANTANDER,347,HERRÁN,2020-08-08
54377,54,NORTE DE SANTANDER,377,LABATECA,2020-06-08
54385,54,NORTE DE SANTANDER,385,LA ESPERANZA,2020-06-29
54398,54,NORTE DE SANTANDER,398,LA PLAYA,2020-05-18
54405,54,NORTE DE SANTANDER,405,LOS PATIOS,2020-03-15
54418,54,NORTE DE SANTANDER,418,LOURDES,2020-07-21
54480,54,NORTE DE SANTANDER,480,MUTISCUA,2020-06-08
54498,54,NORTE DE SANTANDER,498,OCAÑA,2020-03-24
54518,54,NORTE DE SANTANDER,518,PAMPLONA,2020-04-13
54520,54,NORTE DE SANTANDER,520,PAMPLONITA,2020-06-13
54553,54,NORTE DE SANTANDER,553,PUERTO SANTANDER,2020-03-22
54599,54,NORTE DE SANTANDER,599,RAGONVALIA,2020-06-24
54660,54,NORTE DE SANTANDER,660,SALAZAR,2020-08-08
54670,54,NORTE DE SANTANDER,670,SAN CALIXTO,2020-07-10
54673,54,NORTE DE SANTANDER,673,SAN CAYETANO,2020-07-09
54680,54,NORTE DE SANTANDER,680,SANTIAGO,2020-06-15
54720,54,NORTE DE SANTANDER,720,SARDINATA,2020-06-11
54743,54,NORTE DE SANTANDER,743,SILOS,2020-06-08
54800,54,NORTE DE SANTANDER,800,TEORAMA,2020-06-29
54810,54,NORTE DE SANTANDER,810,TIBÚ,2020-04-22
54820,54,NORTE DE SANTANDER,820,TOLEDO,2020-04-22
54871,54,NORTE DE SANTANDER,871,VILLA CARO,2020-07-21
54874,54,NORTE DE SANTANDER,874,VILLA DEL ROSARIO,2020-03-14
86001,86,PUTUMAYO,1,MOCOA,2020-05-18
86219,86,PUTUMAYO,219,COLÓN,2020-05-12
86320,86,PUTUMAYO,320,ORITO,2020-05-14
86568,86,PUTUMAYO,568,PUERTO ASÍS,2020-05-03
86569,86,PUTUMAYO,569,PUERTO CAICEDO,2020-07-02
86571,86,PUTUMAYO,571,PUERTO GUZMÁN,2020-04-15
86573,86,PUTUMAYO,573,PUERTO LEGUÍZAMO,2020-04-29
86749,86,PUTUMAYO,749,SIBUNDOY,2020-07-06
86757,86,PUTUMAYO,757,SAN MIGUEL,2020-05-13
86760,86,PUTUMAYO,760,SANTIAGO,2020-06-25
86865,86,PUTUMAYO,865,VALLE DEL GUAMUEZ,2020-05-20
86885,86,PUTUMAYO,885,VILLAGARZÓN,2020-06-27
63001,63,QUINDÍO,1,ARMENIA,2020-03-08
63111,63,QUINDÍO,111,BUENAVISTA,2020-07-25
63130,63,QUINDÍO,130,CALARCÁ,2020-03-17
63190,63,QUINDÍO,190,CIRCASIA,2020-03-18
63212,63,QUINDÍO,212,CÓRDOBA,2020-04-29
63272,63,QUINDÍO,272,FILANDIA,2020-03-16
63302,63,QUINDÍO,302,GÉNOVA,2020-07-10
63401,63,QUINDÍO,401,LA TEBAIDA,2020-04-02
63470,63,QUINDÍO,470,MONTENEGRO,2020-03-13
63548,63,QUINDÍO,548,PIJAO,2020-08-05
63594,63,QUINDÍO,594,QUIMBAYA,2020-05-07
63690,63,QUINDÍO,690,SALENTO,2020-07-09
5361,5,ANTIOQUIA,361,ITUANGO,2020-05-02
5543,5,ANTIOQUIA,543,PEQUE,2020-07-03
66001,66,RISARALDA,1,PEREIRA,2020-03-04
66045,66,RISARALDA,45,APÍA,2020-07-16
66075,66,RISARALDA,75,BALBOA,2020-06-24
66088,66,RISARALDA,88,BELÉN DE UMBRÍA,2020-05-20
66170,66,RISARALDA,170,DOSQUEBRADAS,2020-03-10
66383,66,RISARALDA,383,LA CELIA,2020-06-08
66400,66,RISARALDA,400,LA VIRGINIA,2020-04-12
66440,66,RISARALDA,440,MARSELLA,2020-06-26
66456,66,RISARALDA,456,MISTRATÓ,2020-08-04
66572,66,RISARALDA,572,PUEBLO RICO,2020-06-06
66682,66,RISARALDA,682,SANTA ROSA DE CABAL,2020-03-21
66687,66,RISARALDA,687,SANTUARIO,2020-06-18
68001,68,SANTANDER,1,BUCARAMANGA,2020-03-12
68013,68,SANTANDER,13,AGUADA,2020-07-05
68020,68,SANTANDER,20,ALBANIA,2020-09-10
68051,68,SANTANDER,51,ARATOCA,2020-07-17
68077,68,SANTANDER,77,BARBOSA,2020-05-23
68079,68,SANTANDER,79,BARICHARA,2020-06-14
68081,68,SANTANDER,81,BARRANCABERMEJA,2020-03-22
68092,68,SANTANDER,92,BETULIA,2020-07-27
68101,68,SANTANDER,101,BOLÍVAR,2020-07-22
68132,68,SANTANDER,132,CALIFORNIA,2020-07-15
68147,68,SANTANDER,147,CAPITANEJO,2020-07-30
68152,68,SANTANDER,152,CARCASÍ,2020-07-21
68160,68,SANTANDER,160,CEPITÁ,2020-07-02
68162,68,SANTANDER,162,CERRITO,2020-08-11
68167,68,SANTANDER,167,CHARALÁ,2020-07-21
68176,68,SANTANDER,176,CHIMA,2020-07-26
68179,68,SANTANDER,179,CHIPATÁ,2020-07-27
68190,68,SANTANDER,190,CIMITARRA,2020-03-26
68207,68,SANTANDER,207,CONCEPCIÓN,2020-03-28
68209,68,SANTANDER,209,CONFINES,2020-07-11
68211,68,SANTANDER,211,CONTRATACIÓN,2020-08-06
68217,68,SANTANDER,217,COROMORO,2020-07-22
68229,68,SANTANDER,229,CURITÍ,2020-03-22
68235,68,SANTANDER,235,EL CARMEN DE CHUCURÍ,2020-07-12
68245,68,SANTANDER,245,EL GUACAMAYO,2020-07-30
68250,68,SANTANDER,250,EL PEÑÓN,2020-06-26
68255,68,SANTANDER,255,EL PLAYÓN,2020-07-10
68264,68,SANTANDER,264,ENCINO,2020-08-14
68266,68,SANTANDER,266,ENCISO,2020-08-30
68271,68,SANTANDER,271,FLORIÁN,2020-08-08
68276,68,SANTANDER,276,FLORIDABLANCA,2020-03-12
68296,68,SANTANDER,296,GALÁN,2020-06-29
68298,68,SANTANDER,298,GÁMBITA,2020-08-26
68307,68,SANTANDER,307,GIRÓN,2020-04-25
68318,68,SANTANDER,318,GUACA,2020-07-31
68322,68,SANTANDER,322,GUAPOTÁ,2020-03-27
68324,68,SANTANDER,324,GUAVATÁ,2020-07-14
68327,68,SANTANDER,327,GÜEPSA,2020-09-10
68344,68,SANTANDER,344,HATO,2020-07-06
68377,68,SANTANDER,377,LA BELLEZA,2020-06-01
68385,68,SANTANDER,385,LANDÁZURI,2020-07-08
68397,68,SANTANDER,397,LA PAZ,2020-05-28
68406,68,SANTANDER,406,LEBRIJA,2020-05-15
68418,68,SANTANDER,418,LOS SANTOS,2020-07-01
68425,68,SANTANDER,425,MACARAVITA,2020-08-29
68432,68,SANTANDER,432,MÁLAGA,2020-06-09
68444,68,SANTANDER,444,MATANZA,2020-07-06
68464,68,SANTANDER,464,MOGOTES,2020-07-02
68468,68,SANTANDER,468,MOLAGAVITA,2020-07-29
68500,68,SANTANDER,500,OIBA,2020-06-29
68502,68,SANTANDER,502,ONZAGA,2020-06-26
68533,68,SANTANDER,533,PÁRAMO,2020-07-13
68547,68,SANTANDER,547,PIEDECUESTA,2020-03-31
68549,68,SANTANDER,549,PINCHOTE,2020-07-10
68572,68,SANTANDER,572,PUENTE NACIONAL,2020-09-15
68573,68,SANTANDER,573,PUERTO PARRA,2020-06-20
68575,68,SANTANDER,575,PUERTO WILCHES,2020-06-12
68615,68,SANTANDER,615,RIONEGRO,2020-06-20
68655,68,SANTANDER,655,SABANA DE TORRES,2020-06-08
68669,68,SANTANDER,669,SAN ANDRÉS,2020-07-20
68673,68,SANTANDER,673,SAN BENITO,2020-07-15
68679,68,SANTANDER,679,SAN GIL,2020-06-12
68682,68,SANTANDER,682,SAN JOAQUÍN,2020-06-29
68684,68,SANTANDER,684,SAN JOSÉ DE MIRANDA,2020-07-12
68689,68,SANTANDER,689,SAN VICENTE DE CHUCURÍ,2020-06-03
68705,68,SANTANDER,705,SANTA BÁRBARA,2020-08-06
68720,68,SANTANDER,720,SANTA HELENA DEL OPÓN,2020-07-03
68755,68,SANTANDER,755,SOCORRO,2020-05-12
68770,68,SANTANDER,770,SUAITA,2020-06-08
68773,68,SANTANDER,773,SUCRE,2020-07-20
68820,68,SANTANDER,820,TONA,2020-07-19
68855,68,SANTANDER,855,VALLE DE SAN JOSÉ,2020-07-05
68861,68,SANTANDER,861,VÉLEZ,2020-07-05
68867,68,SANTANDER,867,VETAS,2020-07-30
68872,68,SANTANDER,872,VILLANUEVA,2020-05-05
68895,68,SANTANDER,895,ZAPATOCA,2020-07-07
70001,70,SUCRE,1,SINCELEJO,2020-03-20
70110,70,SUCRE,110,BUENAVISTA,2020-05-19
70124,70,SUCRE,124,CAIMITO,2020-06-04
70204,70,SUCRE,204,COLOSÓ,2020-06-04
70215,70,SUCRE,215,COROZAL,2020-05-18
70221,70,SUCRE,221,COVEÑAS,2020-06-12
70230,70,SUCRE,230,CHALÁN,2020-06-10
70233,70,SUCRE,233,EL ROBLE,2020-06-08
70235,70,SUCRE,235,GALERAS,2020-06-08
70265,70,SUCRE,265,GUARANDA,2020-06-06
70400,70,SUCRE,400,LA UNIÓN,2020-06-03
70418,70,SUCRE,418,LOS PALMITOS,2020-05-07
70429,70,SUCRE,429,MAJAGUAL,2020-06-05
70473,70,SUCRE,473,MORROA,2020-05-10
70508,70,SUCRE,508,OVEJAS,2020-06-13
70523,70,SUCRE,523,PALMITO,2020-06-03
70670,70,SUCRE,670,SAMPUÉS,2020-05-26
70678,70,SUCRE,678,SAN BENITO ABAD,2020-06-15
70702,70,SUCRE,702,SAN JUAN DE BETULIA,2020-05-28
70708,70,SUCRE,708,SAN MARCOS,2020-05-25
70713,70,SUCRE,713,SAN ONOFRE,2020-05-16
70717,70,SUCRE,717,SAN PEDRO,2020-05-29
70742,70,SUCRE,742,SAN LUIS DE SINCÉ,2020-05-08
70771,70,SUCRE,771,SUCRE,2020-05-27
70820,70,SUCRE,820,SANTIAGO DE TOLÚ,2020-06-02
70823,70,SUCRE,823,SAN JOSÉ DE TOLUVIEJO,2020-06-04
5206,5,ANTIOQUIA,206,CONCEPCIÓN,2020-07-01
5212,5,ANTIOQUIA,212,COPACABANA,2020-03-29
5308,5,ANTIOQUIA,308,GIRARDOTA,2020-05-29
73001,73,TOLIMA,1,IBAGUÉ,2020-03-10
73026,73,TOLIMA,26,ALVARADO,2020-07-27
73030,73,TOLIMA,30,AMBALEMA,2020-07-18
73043,73,TOLIMA,43,ANZOÁTEGUI,2020-06-30
73055,73,TOLIMA,55,ARMERO,2020-07-23
73067,73,TOLIMA,67,ATACO,2020-08-18
73124,73,TOLIMA,124,CAJAMARCA,2020-07-20
73148,73,TOLIMA,148,CARMEN DE APICALÁ,2020-07-21
73152,73,TOLIMA,152,CASABIANCA,2020-07-02
73168,73,TOLIMA,168,CHAPARRAL,2020-06-05
73200,73,TOLIMA,200,COELLO,2020-08-01
73217,73,TOLIMA,217,COYAIMA,2020-06-06
73226,73,TOLIMA,226,CUNDAY,2020-07-25
73268,73,TOLIMA,268,ESPINAL,2020-03-27
73275,73,TOLIMA,275,FLANDES,2020-05-07
73283,73,TOLIMA,283,FRESNO,2020-06-07
73319,73,TOLIMA,319,GUAMO,2020-04-14
73347,73,TOLIMA,347,HERVEO,2020-07-01
73349,73,TOLIMA,349,HONDA,2020-05-08
73352,73,TOLIMA,352,ICONONZO,2020-07-08
73408,73,TOLIMA,408,LÉRIDA,2020-06-19
73411,73,TOLIMA,411,LÍBANO,2020-05-11
73443,73,TOLIMA,443,SAN SEBASTIÁN DE MARIQUITA,2020-05-16
73449,73,TOLIMA,449,MELGAR,2020-03-03
73504,73,TOLIMA,504,ORTEGA,2020-07-08
73520,73,TOLIMA,520,PALOCABILDO,2020-07-25
73547,73,TOLIMA,547,PIEDRAS,2020-05-07
73555,73,TOLIMA,555,PLANADAS,2020-04-23
73563,73,TOLIMA,563,PRADO,2020-07-22
73585,73,TOLIMA,585,PURIFICACIÓN,2020-07-16
73616,73,TOLIMA,616,RIOBLANCO,2020-07-03
73624,73,TOLIMA,624,ROVIRA,2020-04-30
73671,73,TOLIMA,671,SALDAÑA,2020-07-04
73675,73,TOLIMA,675,SAN ANTONIO,2020-06-10
73678,73,TOLIMA,678,SAN LUIS,2020-05-03
73770,73,TOLIMA,770,SUÁREZ,2020-07-24
73854,73,TOLIMA,854,VALLE DE SAN JUAN,2020-07-18
73861,73,TOLIMA,861,VENADILLO,2020-07-19
73870,73,TOLIMA,870,VILLAHERMOSA,2020-08-15
73873,73,TOLIMA,873,VILLARRICA,2020-06-10
76109,76,VALLE DEL CAUCA,109,BUENAVENTURA,2020-03-23
76001,76,VALLE DEL CAUCA,1,SANTIAGO DE CALI,2020-03-02
76020,76,VALLE DEL CAUCA,20,ALCALÁ,2020-04-22
76036,76,VALLE DEL CAUCA,36,ANDALUCÍA,2020-03-28
76041,76,VALLE DEL CAUCA,41,ANSERMANUEVO,2020-06-02
76054,76,VALLE DEL CAUCA,54,ARGELIA,2020-05-07
76100,76,VALLE DEL CAUCA,100,BOLÍVAR,2020-07-16
76111,76,VALLE DEL CAUCA,111,GUADALAJARA DE BUGA,2020-03-01
76113,76,VALLE DEL CAUCA,113,BUGALAGRANDE,2020-04-01
76122,76,VALLE DEL CAUCA,122,CAICEDONIA,2020-06-10
76126,76,VALLE DEL CAUCA,126,CALIMA,2020-03-15
76130,76,VALLE DEL CAUCA,130,CANDELARIA,2020-03-23
76147,76,VALLE DEL CAUCA,147,CARTAGO,2020-03-07
76233,76,VALLE DEL CAUCA,233,DAGUA,2020-04-02
76243,76,VALLE DEL CAUCA,243,EL ÁGUILA,2020-06-17
76246,76,VALLE DEL CAUCA,246,EL CAIRO,2020-05-25
76248,76,VALLE DEL CAUCA,248,EL CERRITO,2020-03-25
76250,76,VALLE DEL CAUCA,250,EL DOVIO,2020-03-12
76275,76,VALLE DEL CAUCA,275,FLORIDA,2020-03-30
76306,76,VALLE DEL CAUCA,306,GINEBRA,2020-03-26
76318,76,VALLE DEL CAUCA,318,GUACARÍ,2020-03-26
76364,76,VALLE DEL CAUCA,364,JAMUNDÍ,2020-03-22
76377,76,VALLE DEL CAUCA,377,LA CUMBRE,2020-04-06
76400,76,VALLE DEL CAUCA,400,LA UNIÓN,2020-03-12
76403,76,VALLE DEL CAUCA,403,LA VICTORIA,2020-07-06
76497,76,VALLE DEL CAUCA,497,OBANDO,2020-05-21
76520,76,VALLE DEL CAUCA,520,PALMIRA,2020-03-07
76563,76,VALLE DEL CAUCA,563,PRADERA,2020-05-01
76606,76,VALLE DEL CAUCA,606,RESTREPO,2020-04-27
76616,76,VALLE DEL CAUCA,616,RIOFRÍO,2020-07-28
76622,76,VALLE DEL CAUCA,622,ROLDANILLO,2020-04-27
76670,76,VALLE DEL CAUCA,670,SAN PEDRO,2020-03-10
76736,76,VALLE DEL CAUCA,736,SEVILLA,2020-05-29
76823,76,VALLE DEL CAUCA,823,TORO,2020-07-12
76828,76,VALLE DEL CAUCA,828,TRUJILLO,2020-03-16
76834,76,VALLE DEL CAUCA,834,TULUÁ,2020-03-09
76845,76,VALLE DEL CAUCA,845,ULLOA,2020-03-20
76863,76,VALLE DEL CAUCA,863,VERSALLES,2020-06-28
76869,76,VALLE DEL CAUCA,869,VIJES,2020-04-13
76890,76,VALLE DEL CAUCA,890,YOTOCO,2020-04-02
76892,76,VALLE DEL CAUCA,892,YUMBO,2020-03-08
76895,76,VALLE DEL CAUCA,895,ZARZAL,2020-06-10
97001,97,VAUPÉS,1,MITÚ,2020-05-07
97161,97,VAUPÉS,161,CARURÚ,2020-08-27
97666,97,VAUPÉS,666,TARAIRA,2020-06-12
97889,97,VAUPÉS,889,YAVARATÉ,2020-05-26
99001,99,VICHADA,1,PUERTO CARREÑO,2020-05-29
99524,99,VICHADA,524,LA PRIMAVERA,2020-07-15
99773,99,VICHADA,773,CUMARIBO,2020-07-31
27493,27,CHOCÓ,493,NUEVO BELÉN DE BAJIRÁ,2025-01-01
27425,27,CHOCÓ,425,MEDIO ATRATO,2025-01-01
27745,27,CHOCÓ,745,SIPÍ,2025-01-01
91536,91,AMAZONAS,536,PUERTO ARICA,2025-01-01
91263,91,AMAZONAS,263,EL ENCANTO,2025-01-01
91430,91,AMAZONAS,430,LA VICTORIA,2025-01-01
27660,27,CHOCÓ,660,SAN JOSÉ DEL PALMAR,2025-01-01
91530,91,AMAZONAS,530,PUERTO ALEGRÍA,2025-01-01
94888,94,GUAINÍA,888,MORICHAL,2025-01-01
91460,91,AMAZONAS,460,MIRITÍ - PARANÁ,2025-01-01
50245,50,META,245,EL CALVARIO,2025-01-01
50686,50,META,686,SAN JUANITO,2025-01-01
94887,94,GUAINÍA,887,PANA PANA,2025-01-01
94886,94,GUAINÍA,886,CACAHUAL,2025-01-01
94885,94,GUAINÍA,885,LA GUADALUPE,2025-01-01
27372,27,CHOCÓ,372,JURADÓ,2025-01-01
97511,97,VAUPÉS,511,PACOA,2025-01-01
15276,15,BOYACÁ,276,FLORESTA,2025-01-01
15839,15,BOYACÁ,839,TUTAZÁ,2025-01-01
15755,15,BOYACÁ,755,SOCOTÁ,2025-01-01
15114,15,BOYACÁ,114,BUSBANZÁ,2025-01-01
15092,15,BOYACÁ,92,BETÉITIVA,2025-01-01
15621,15,BOYACÁ,621,RONDÓN,2025-01-01
15762,15,BOYACÁ,762,SORA,2025-01-01
25807,25,CUNDINAMARCA,807,TIBIRITA,2025-01-01
97777,97,VAUPÉS,777,PAPUNAHUA,2025-01-01
25368,25,CUNDINAMARCA,368,JERUSALÉN,2025-01-01
86755,86,PUTUMAYO,755,SAN FRANCISCO,2025-01-01
15550,15,BOYACÁ,550,PISBA,2025-01-01
15377,15,BOYACÁ,377,LABRANZAGRANDE,2025-01-01
85300,85,CASANARE,300,SABANALARGA,2025-01-01
15236,15,BOYACÁ,236,CHIVOR,2025-01-01
15778,15,BOYACÁ,778,SUTATENZA,2025-01-01
15761,15,BOYACÁ,761,SOMONDOCO,2025-01-01
15172,15,BOYACÁ,172,CHINAVITA,2025-01-01
15022,15,BOYACÁ,22,ALMEIDA,2025-01-01
5483,5,ANTIOQUIA,483,NARIÑO,2025-01-01
5895,5,ANTIOQUIA,895,ZARAGOZA,2020-06-23
81220,81,ARAUCA,220,CRAVO NORTE,2025-01-01
81591,81,ARAUCA,591,PUERTO RONDÓN,2025-01-01
15514,15,BOYACÁ,514,PÁEZ,2025-01-01
15135,15,BOYACÁ,135,CAMPOHERMOSO,2025-01-01
15090,15,BOYACÁ,90,BERBEO,2025-01-01
15660,15,BOYACÁ,660,SAN EDUARDO,2025-01-01
85015,85,CASANARE,15,CHÁMEZA,2025-01-01
68370,68,SANTANDER,370,JORDÁN,2025-01-01
68121,68,SANTANDER,121,CABRERA,2025-01-01
73622,73,TOLIMA,622,RONCESVALLES,2025-01-01
73270,73,TOLIMA,270,FALAN,2025-01-01
68320,68,SANTANDER,320,GUADALUPE,2025-01-01
73461,73,TOLIMA,461,MURILLO,2025-01-01
68368,68,SANTANDER,368,JESÚS MARÍA,2025-01-01
25823,25,CUNDINAMARCA,823,TOPAIPÍ,2025-01-01
25871,25,CUNDINAMARCA,871,VILLAGÓMEZ,2025-01-01
25518,25,CUNDINAMARCA,518,PAIME,2025-01-01
15401,15,BOYACÁ,401,LA VICTORIA,2025-01-01
94343,94,GUAINÍA,343,BARRANCOMINAS,2025-01-01
25398,25,CUNDINAMARCA,398,LA PEÑA,2025-01-01
68780,68,SANTANDER,780,SURATÁ,2025-01-01
68169,68,SANTANDER,169,CHARTA,2025-01-01
25339,25,CUNDINAMARCA,339,GUTIÉRREZ,2025-01-01
15673,15,BOYACÁ,673,SAN MATEO,2025-01-01
15332,15,BOYACÁ,332,GÜICÁN DE LA SIERRA,2025-01-01
68745,68,SANTANDER,745,SIMACOTA,2025-01-01
68524,68,SANTANDER,524,PALMAS DEL SOCORRO,2025-01-01
68522,68,SANTANDER,522,PALMAR,2025-01-01
85400,85,CASANARE,400,TÁMARA,2025-01-01
85225,85,CASANARE,225,NUNCHÍA,2025-01-01
25168,25,CUNDINAMARCA,168,CHAGUANÍ,2025-01-01
85136,85,CASANARE,136,LA SALINA,2025-01-01
68686,68,SANTANDER,686,SAN MIGUEL,2025-01-01
25328,25,CUNDINAMARCA,328,GUAYABAL DE SÍQUIMA,2025-01-01
52258,52,NARIÑO,258,EL TABLÓN DE GÓMEZ,2025-01-01
68498,68,SANTANDER,498,OCAMONTE,2025-01-01
25438,25,CUNDINAMARCA,438,MEDINA,2025-01-01
19022,19,CAUCA,22,ALMAGUER,2025-01-01
19693,19,CAUCA,693,SAN SEBASTIÁN,2025-01-01
73686,73,TOLIMA,686,SANTA ISABEL,2025-01-01
99624,99,VICHADA,624,SANTA ROSALÍA,2025-01-01
